id,listingTitle,totalPriceWan,areaSqm,bedrooms,elevator,sourceListingDate,isDemo,priceHistorySynthetic,source,surrounding,communityInfo,priceHistory
"lshy-1","业主变现诚意出售，南北通好位置三房","900","116","3","无电梯","2026-08-12","false","true","{""platform"":""房天下（fang.com）公开在售挂牌"",""url"":""https://sh.esf.fang.com/chushou/3_511724027.htm"",""scrapedAt"":""2026-09-05""}","{""metro"":{""line"":""9 号线"",""station"":""蓝天路站"",""distance"":1100},""mall"":[""家乐福（碧云店）1.2km"",""碧云体育休闲中心 1.0km"",""金桥国际商业广场 1.8km""],""school"":[""上海市实验学校东校 0.8km"",""香山小学 1.0km"",""冰厂田幼儿园碧云部 0.9km""],""hospital"":[""瑞东医院 1.2km"",""华山医院东院 1.8km""],""park"":[""金桥公园 1.0km"",""碧云绿地 0.8km""]}","{""name"":""罗山花苑"",""buildYear"":2000,""developer"":""上海金洋置业有限公司"",""propertyFee"":1.2,""greeningRate"":""35%"",""plotRatio"":""1.4"",""totalBuildings"":105,""totalUnits"":826,""parkingRatio"":""1:0.6""}","[{""date"":""2026-08-12"",""price"":900}]"
"lshy-10","下一套成交房源，电梯房小区花园位置，价可谈","480","75","2","","2026-09-01","false","true","{""platform"":""房天下（fang.com）公开在售挂牌"",""url"":""https://sh.esf.fang.com/chushou/3_511015159.htm"",""scrapedAt"":""2026-09-05""}","{""metro"":{""line"":""9 号线"",""station"":""蓝天路站"",""distance"":1100},""mall"":[""家乐福（碧云店）1.2km"",""碧云体育休闲中心 1.0km"",""金桥国际商业广场 1.8km""],""school"":[""上海市实验学校东校 0.8km"",""香山小学 1.0km"",""冰厂田幼儿园碧云部 0.9km""],""hospital"":[""瑞东医院 1.2km"",""华山医院东院 1.8km""],""park"":[""金桥公园 1.0km"",""碧云绿地 0.8km""]}","{""name"":""罗山花苑"",""buildYear"":2000,""developer"":""上海金洋置业有限公司"",""propertyFee"":1.2,""greeningRate"":""35%"",""plotRatio"":""1.4"",""totalBuildings"":105,""totalUnits"":826,""parkingRatio"":""1:0.6""}","[{""date"":""2026-09-01"",""price"":480}]"
"lshy-11","业主急卖小区花园位置，南北通户型，自住5年装修，满五唯一","650","116","3","","2026-07-20","false","true","{""platform"":""房天下（fang.com）公开在售挂牌"",""url"":""https://sh.esf.fang.com/chushou/3_430674002.htm"",""scrapedAt"":""2026-09-05""}","{""metro"":{""line"":""9 号线"",""station"":""蓝天路站"",""distance"":1100},""mall"":[""家乐福（碧云店）1.2km"",""碧云体育休闲中心 1.0km"",""金桥国际商业广场 1.8km""],""school"":[""上海市实验学校东校 0.8km"",""香山小学 1.0km"",""冰厂田幼儿园碧云部 0.9km""],""hospital"":[""瑞东医院 1.2km"",""华山医院东院 1.8km""],""park"":[""金桥公园 1.0km"",""碧云绿地 0.8km""]}","{""name"":""罗山花苑"",""buildYear"":2000,""developer"":""上海金洋置业有限公司"",""propertyFee"":1.2,""greeningRate"":""35%"",""plotRatio"":""1.4"",""totalBuildings"":105,""totalUnits"":826,""parkingRatio"":""1:0.6""}","[{""date"":""2026-07-20"",""price"":690},{""date"":""2026-07-20"",""price"":650},{""date"":""2026-09-01"",""price"":650}]"
"lshy-12","从未看到如此清爽的装修，户型方正，看房随时，送车位","560","75","2","无电梯","2026-08-15","false","true","{""platform"":""房天下（fang.com）公开在售挂牌"",""url"":""https://sh.esf.fang.com/chushou/3_429747934.htm"",""scrapedAt"":""2026-09-05""}","{""metro"":{""line"":""9 号线"",""station"":""蓝天路站"",""distance"":1100},""mall"":[""家乐福（碧云店）1.2km"",""碧云体育休闲中心 1.0km"",""金桥国际商业广场 1.8km""],""school"":[""上海市实验学校东校 0.8km"",""香山小学 1.0km"",""冰厂田幼儿园碧云部 0.9km""],""hospital"":[""瑞东医院 1.2km"",""华山医院东院 1.8km""],""park"":[""金桥公园 1.0km"",""碧云绿地 0.8km""]}","{""name"":""罗山花苑"",""buildYear"":2000,""developer"":""上海金洋置业有限公司"",""propertyFee"":1.2,""greeningRate"":""35%"",""plotRatio"":""1.4"",""totalBuildings"":105,""totalUnits"":826,""parkingRatio"":""1:0.6""}","[{""date"":""2026-08-15"",""price"":560}]"
"lshy-13","碧云小户型，带个车位，精装全送，租金可达 6000","500","53","1","","2026-08-25","false","true","{""platform"":""房天下（fang.com）公开在售挂牌"",""url"":""https://sh.esf.fang.com/chushou/3_425534652.htm"",""scrapedAt"":""2026-09-05""}","{""metro"":{""line"":""9 号线"",""station"":""蓝天路站"",""distance"":1100},""mall"":[""家乐福（碧云店）1.2km"",""碧云体育休闲中心 1.0km"",""金桥国际商业广场 1.8km""],""school"":[""上海市实验学校东校 0.8km"",""香山小学 1.0km"",""冰厂田幼儿园碧云部 0.9km""],""hospital"":[""瑞东医院 1.2km"",""华山医院东院 1.8km""],""park"":[""金桥公园 1.0km"",""碧云绿地 0.8km""]}","{""name"":""罗山花苑"",""buildYear"":2000,""developer"":""上海金洋置业有限公司"",""propertyFee"":1.2,""greeningRate"":""35%"",""plotRatio"":""1.4"",""totalBuildings"":105,""totalUnits"":826,""parkingRatio"":""1:0.6""}","[{""date"":""2026-08-25"",""price"":500}]"
"lshy-14","罗山花苑新出复式，看房方便","630","69","3","无电梯","2026-09-02","false","true","{""platform"":""房天下（fang.com）公开在售挂牌"",""url"":""https://sh.esf.fang.com/chushou/3_511423339.htm"",""scrapedAt"":""2026-09-05""}","{""metro"":{""line"":""9 号线"",""station"":""蓝天路站"",""distance"":1100},""mall"":[""家乐福（碧云店）1.2km"",""碧云体育休闲中心 1.0km"",""金桥国际商业广场 1.8km""],""school"":[""上海市实验学校东校 0.8km"",""香山小学 1.0km"",""冰厂田幼儿园碧云部 0.9km""],""hospital"":[""瑞东医院 1.2km"",""华山医院东院 1.8km""],""park"":[""金桥公园 1.0km"",""碧云绿地 0.8km""]}","{""name"":""罗山花苑"",""buildYear"":2000,""developer"":""上海金洋置业有限公司"",""propertyFee"":1.2,""greeningRate"":""35%"",""plotRatio"":""1.4"",""totalBuildings"":105,""totalUnits"":826,""parkingRatio"":""1:0.6""}","[{""date"":""2026-09-02"",""price"":630}]"
"lshy-15","罗山花苑 2室2厅，精装修南北通精装两房","540","69","2","","2026-08-10","false","true","{""platform"":""房天下（fang.com）公开在售挂牌"",""url"":""https://sh.esf.fang.com/chushou/3_432071288.htm"",""scrapedAt"":""2026-09-05""}","{""metro"":{""line"":""9 号线"",""station"":""蓝天路站"",""distance"":1100},""mall"":[""家乐福（碧云店）1.2km"",""碧云体育休闲中心 1.0km"",""金桥国际商业广场 1.8km""],""school"":[""上海市实验学校东校 0.8km"",""香山小学 1.0km"",""冰厂田幼儿园碧云部 0.9km""],""hospital"":[""瑞东医院 1.2km"",""华山医院东院 1.8km""],""park"":[""金桥公园 1.0km"",""碧云绿地 0.8km""]}","{""name"":""罗山花苑"",""buildYear"":2000,""developer"":""上海金洋置业有限公司"",""propertyFee"":1.2,""greeningRate"":""35%"",""plotRatio"":""1.4"",""totalBuildings"":105,""totalUnits"":826,""parkingRatio"":""1:0.6""}","[{""date"":""2026-08-10"",""price"":556},{""date"":""2026-08-10"",""price"":540},{""date"":""2026-09-01"",""price"":540}]"
"lshy-2","户型正气大三房，上实隔壁小区，绿化多","950","121","3","","2026-08-08","false","true","{""platform"":""房天下（fang.com）公开在售挂牌"",""url"":""https://sh.esf.fang.com/chushou/3_511661738.htm"",""scrapedAt"":""2026-09-05""}","{""metro"":{""line"":""9 号线"",""station"":""蓝天路站"",""distance"":1100},""mall"":[""家乐福（碧云店）1.2km"",""碧云体育休闲中心 1.0km"",""金桥国际商业广场 1.8km""],""school"":[""上海市实验学校东校 0.8km"",""香山小学 1.0km"",""冰厂田幼儿园碧云部 0.9km""],""hospital"":[""瑞东医院 1.2km"",""华山医院东院 1.8km""],""park"":[""金桥公园 1.0km"",""碧云绿地 0.8km""]}","{""name"":""罗山花苑"",""buildYear"":2000,""developer"":""上海金洋置业有限公司"",""propertyFee"":1.2,""greeningRate"":""35%"",""plotRatio"":""1.4"",""totalBuildings"":105,""totalUnits"":826,""parkingRatio"":""1:0.6""}","[{""date"":""2026-08-08"",""price"":950}]"
"lshy-3","新上电梯三房，电梯已经在运行，电梯高区花苑位置","1000","115.55","3","","2026-08-28","false","true","{""platform"":""房天下（fang.com）公开在售挂牌"",""url"":""https://m.fang.com/esf/sh/3_432333881.html"",""scrapedAt"":""2026-09-05""}","{""metro"":{""line"":""9 号线"",""station"":""蓝天路站"",""distance"":1100},""mall"":[""家乐福（碧云店）1.2km"",""碧云体育休闲中心 1.0km"",""金桥国际商业广场 1.8km""],""school"":[""上海市实验学校东校 0.8km"",""香山小学 1.0km"",""冰厂田幼儿园碧云部 0.9km""],""hospital"":[""瑞东医院 1.2km"",""华山医院东院 1.8km""],""park"":[""金桥公园 1.0km"",""碧云绿地 0.8km""]}","{""name"":""罗山花苑"",""buildYear"":2000,""developer"":""上海金洋置业有限公司"",""propertyFee"":1.2,""greeningRate"":""35%"",""plotRatio"":""1.4"",""totalBuildings"":105,""totalUnits"":826,""parkingRatio"":""1:0.6""}","[{""date"":""2026-08-28"",""price"":1000}]"
"lshy-4","必看好房｜上实隔壁｜二房热门户型｜不靠马路｜好楼层","588","74.98","2","","2026-07-30","false","true","{""platform"":""房天下（fang.com）公开在售挂牌"",""url"":""https://sh.esf.fang.com/chushou/3_426423375.htm"",""scrapedAt"":""2026-09-05""}","{""metro"":{""line"":""9 号线"",""station"":""蓝天路站"",""distance"":1100},""mall"":[""家乐福（碧云店）1.2km"",""碧云体育休闲中心 1.0km"",""金桥国际商业广场 1.8km""],""school"":[""上海市实验学校东校 0.8km"",""香山小学 1.0km"",""冰厂田幼儿园碧云部 0.9km""],""hospital"":[""瑞东医院 1.2km"",""华山医院东院 1.8km""],""park"":[""金桥公园 1.0km"",""碧云绿地 0.8km""]}","{""name"":""罗山花苑"",""buildYear"":2000,""developer"":""上海金洋置业有限公司"",""propertyFee"":1.2,""greeningRate"":""35%"",""plotRatio"":""1.4"",""totalBuildings"":105,""totalUnits"":826,""parkingRatio"":""1:0.6""}","[{""date"":""2026-07-30"",""price"":606},{""date"":""2026-07-30"",""price"":588},{""date"":""2026-09-01"",""price"":588}]"
"lshy-5","小区中间位置，采光好，户型方正，正规复式买一层送一层","772","74.85","4","无电梯","2026-08-18","false","true","{""platform"":""房天下（fang.com）公开在售挂牌"",""url"":""https://sh.esf.fang.com/chushou/3_432300171.htm"",""scrapedAt"":""2026-09-05""}","{""metro"":{""line"":""9 号线"",""station"":""蓝天路站"",""distance"":1100},""mall"":[""家乐福（碧云店）1.2km"",""碧云体育休闲中心 1.0km"",""金桥国际商业广场 1.8km""],""school"":[""上海市实验学校东校 0.8km"",""香山小学 1.0km"",""冰厂田幼儿园碧云部 0.9km""],""hospital"":[""瑞东医院 1.2km"",""华山医院东院 1.8km""],""park"":[""金桥公园 1.0km"",""碧云绿地 0.8km""]}","{""name"":""罗山花苑"",""buildYear"":2000,""developer"":""上海金洋置业有限公司"",""propertyFee"":1.2,""greeningRate"":""35%"",""plotRatio"":""1.4"",""totalBuildings"":105,""totalUnits"":826,""parkingRatio"":""1:0.6""}","[{""date"":""2026-08-18"",""price"":772}]"
"lshy-6","罗山花苑三楼 85 平大户型，自住装修干净清爽","680","85.29","2","","2026-08-22","false","true","{""platform"":""房天下（fang.com）公开在售挂牌"",""url"":""https://m.anjuke.com/sh/sale/S4642025165036553/"",""scrapedAt"":""2026-09-05""}","{""metro"":{""line"":""9 号线"",""station"":""蓝天路站"",""distance"":1100},""mall"":[""家乐福（碧云店）1.2km"",""碧云体育休闲中心 1.0km"",""金桥国际商业广场 1.8km""],""school"":[""上海市实验学校东校 0.8km"",""香山小学 1.0km"",""冰厂田幼儿园碧云部 0.9km""],""hospital"":[""瑞东医院 1.2km"",""华山医院东院 1.8km""],""park"":[""金桥公园 1.0km"",""碧云绿地 0.8km""]}","{""name"":""罗山花苑"",""buildYear"":2000,""developer"":""上海金洋置业有限公司"",""propertyFee"":1.2,""greeningRate"":""35%"",""plotRatio"":""1.4"",""totalBuildings"":105,""totalUnits"":826,""parkingRatio"":""1:0.6""}","[{""date"":""2026-08-22"",""price"":680}]"
"lshy-7","罗山花苑小两房，户型方正，满五年","540","69.52","2","","2026-08-05","false","true","{""platform"":""房天下（fang.com）公开在售挂牌"",""url"":""https://m.anjuke.com/sh/sale/pudong-q-biyun/"",""scrapedAt"":""2026-09-05""}","{""metro"":{""line"":""9 号线"",""station"":""蓝天路站"",""distance"":1100},""mall"":[""家乐福（碧云店）1.2km"",""碧云体育休闲中心 1.0km"",""金桥国际商业广场 1.8km""],""school"":[""上海市实验学校东校 0.8km"",""香山小学 1.0km"",""冰厂田幼儿园碧云部 0.9km""],""hospital"":[""瑞东医院 1.2km"",""华山医院东院 1.8km""],""park"":[""金桥公园 1.0km"",""碧云绿地 0.8km""]}","{""name"":""罗山花苑"",""buildYear"":2000,""developer"":""上海金洋置业有限公司"",""propertyFee"":1.2,""greeningRate"":""35%"",""plotRatio"":""1.4"",""totalBuildings"":105,""totalUnits"":826,""parkingRatio"":""1:0.6""}","[{""date"":""2026-08-05"",""price"":540}]"
"lshy-8","国际社区，虽紧贴内环线但被绿化包围，远离喧嚣","478","75","2","","2026-07-25","false","true","{""platform"":""房天下（fang.com）公开在售挂牌"",""url"":""https://sh.esf.fang.com/chushou/3_432300162.htm"",""scrapedAt"":""2026-09-05""}","{""metro"":{""line"":""9 号线"",""station"":""蓝天路站"",""distance"":1100},""mall"":[""家乐福（碧云店）1.2km"",""碧云体育休闲中心 1.0km"",""金桥国际商业广场 1.8km""],""school"":[""上海市实验学校东校 0.8km"",""香山小学 1.0km"",""冰厂田幼儿园碧云部 0.9km""],""hospital"":[""瑞东医院 1.2km"",""华山医院东院 1.8km""],""park"":[""金桥公园 1.0km"",""碧云绿地 0.8km""]}","{""name"":""罗山花苑"",""buildYear"":2000,""developer"":""上海金洋置业有限公司"",""propertyFee"":1.2,""greeningRate"":""35%"",""plotRatio"":""1.4"",""totalBuildings"":105,""totalUnits"":826,""parkingRatio"":""1:0.6""}","[{""date"":""2026-07-25"",""price"":492},{""date"":""2026-07-25"",""price"":478},{""date"":""2026-09-01"",""price"":478}]"
"lshy-9","电梯复式户型！买一层享两层，挑高空间随心改造","550","75","3","","2026-08-30","false","true","{""platform"":""房天下（fang.com）公开在售挂牌"",""url"":""https://sh.esf.fang.com/chushou/3_432333871.htm"",""scrapedAt"":""2026-09-05""}","{""metro"":{""line"":""9 号线"",""station"":""蓝天路站"",""distance"":1100},""mall"":[""家乐福（碧云店）1.2km"",""碧云体育休闲中心 1.0km"",""金桥国际商业广场 1.8km""],""school"":[""上海市实验学校东校 0.8km"",""香山小学 1.0km"",""冰厂田幼儿园碧云部 0.9km""],""hospital"":[""瑞东医院 1.2km"",""华山医院东院 1.8km""],""park"":[""金桥公园 1.0km"",""碧云绿地 0.8km""]}","{""name"":""罗山花苑"",""buildYear"":2000,""developer"":""上海金洋置业有限公司"",""propertyFee"":1.2,""greeningRate"":""35%"",""plotRatio"":""1.4"",""totalBuildings"":105,""totalUnits"":826,""parkingRatio"":""1:0.6""}","[{""date"":""2026-08-30"",""price"":550}]"
"smhb-1","碧云社区好房，客厅可打羽毛球，总价低，带产权车位","1330","168.88","2","","2026-08-06","false","true","{""platform"":""房天下（fang.com）公开在售挂牌"",""url"":""https://sh.esf.fang.com/chushou/3_426133348.htm"",""scrapedAt"":""2026-09-05""}","{""metro"":{""line"":""9 号线"",""station"":""蓝天路站"",""distance"":1009},""mall"":[""家乐福（碧云店）0.9km"",""碧云体育休闲中心 0.7km"",""金桥国际商业广场 1.6km""],""school"":[""上海德威英国国际学校 0.8km"",""上海市实验学校东校 1.2km"",""冰厂田幼儿园碧云部 1.0km""],""hospital"":[""瑞东医院 0.9km"",""华山医院东院 1.5km""],""park"":[""张家浜滨水绿地 0.5km"",""金桥公园 1.3km""]}","{""name"":""世茂湖滨花园"",""buildYear"":2004,""developer"":""世茂集团"",""propertyFee"":3.6,""greeningRate"":""60%"",""plotRatio"":""1.2"",""totalBuildings"":32,""totalUnits"":1164,""parkingRatio"":""1:1.5""}","[{""date"":""2026-08-06"",""price"":1370},{""date"":""2026-08-06"",""price"":1330},{""date"":""2026-09-01"",""price"":1330}]"
"smhb-10","钥匙房送产权双车位，全新婚装，中央空调加地暖，移民诚售","1374","166","3","","2026-08-30","false","true","{""platform"":""房天下（fang.com）公开在售挂牌"",""url"":""https://sh.esf.fang.com/chushou/3_431570865.htm"",""scrapedAt"":""2026-09-05""}","{""metro"":{""line"":""9 号线"",""station"":""蓝天路站"",""distance"":1009},""mall"":[""家乐福（碧云店）0.9km"",""碧云体育休闲中心 0.7km"",""金桥国际商业广场 1.6km""],""school"":[""上海德威英国国际学校 0.8km"",""上海市实验学校东校 1.2km"",""冰厂田幼儿园碧云部 1.0km""],""hospital"":[""瑞东医院 0.9km"",""华山医院东院 1.5km""],""park"":[""张家浜滨水绿地 0.5km"",""金桥公园 1.3km""]}","{""name"":""世茂湖滨花园"",""buildYear"":2004,""developer"":""世茂集团"",""propertyFee"":3.6,""greeningRate"":""60%"",""plotRatio"":""1.2"",""totalBuildings"":32,""totalUnits"":1164,""parkingRatio"":""1:1.5""}","[{""date"":""2026-08-30"",""price"":1374}]"
"smhb-11","满五年税费少，看湖景与别墅，业主着急卖","1805","220","3","","2026-07-22","false","true","{""platform"":""房天下（fang.com）公开在售挂牌"",""url"":""https://sh.esf.fang.com/chushou/3_431160734.htm"",""scrapedAt"":""2026-09-05""}","{""metro"":{""line"":""9 号线"",""station"":""蓝天路站"",""distance"":1009},""mall"":[""家乐福（碧云店）0.9km"",""碧云体育休闲中心 0.7km"",""金桥国际商业广场 1.6km""],""school"":[""上海德威英国国际学校 0.8km"",""上海市实验学校东校 1.2km"",""冰厂田幼儿园碧云部 1.0km""],""hospital"":[""瑞东医院 0.9km"",""华山医院东院 1.5km""],""park"":[""张家浜滨水绿地 0.5km"",""金桥公园 1.3km""]}","{""name"":""世茂湖滨花园"",""buildYear"":2004,""developer"":""世茂集团"",""propertyFee"":3.6,""greeningRate"":""60%"",""plotRatio"":""1.2"",""totalBuildings"":32,""totalUnits"":1164,""parkingRatio"":""1:1.5""}","[{""date"":""2026-07-22"",""price"":1913},{""date"":""2026-07-22"",""price"":1805},{""date"":""2026-09-01"",""price"":1805}]"
"smhb-12","碧云·世茂湖滨花园公寓 3室，高区豪装满五","1999","220","3","","2026-08-02","false","true","{""platform"":""房天下（fang.com）公开在售挂牌"",""url"":""https://sh.esf.fang.com/chushou/3_432412513.htm"",""scrapedAt"":""2026-09-05""}","{""metro"":{""line"":""9 号线"",""station"":""蓝天路站"",""distance"":1009},""mall"":[""家乐福（碧云店）0.9km"",""碧云体育休闲中心 0.7km"",""金桥国际商业广场 1.6km""],""school"":[""上海德威英国国际学校 0.8km"",""上海市实验学校东校 1.2km"",""冰厂田幼儿园碧云部 1.0km""],""hospital"":[""瑞东医院 0.9km"",""华山医院东院 1.5km""],""park"":[""张家浜滨水绿地 0.5km"",""金桥公园 1.3km""]}","{""name"":""世茂湖滨花园"",""buildYear"":2004,""developer"":""世茂集团"",""propertyFee"":3.6,""greeningRate"":""60%"",""plotRatio"":""1.2"",""totalBuildings"":32,""totalUnits"":1164,""parkingRatio"":""1:1.5""}","[{""date"":""2026-08-02"",""price"":1999}]"
"smhb-13","出国急卖，少有复式 6 房 4 卫，满五，买进价高税费少","1999","298","6","","2026-08-24","false","true","{""platform"":""房天下（fang.com）公开在售挂牌"",""url"":""https://sh.esf.fang.com/chushou/3_432412506.htm"",""scrapedAt"":""2026-09-05""}","{""metro"":{""line"":""9 号线"",""station"":""蓝天路站"",""distance"":1009},""mall"":[""家乐福（碧云店）0.9km"",""碧云体育休闲中心 0.7km"",""金桥国际商业广场 1.6km""],""school"":[""上海德威英国国际学校 0.8km"",""上海市实验学校东校 1.2km"",""冰厂田幼儿园碧云部 1.0km""],""hospital"":[""瑞东医院 0.9km"",""华山医院东院 1.5km""],""park"":[""张家浜滨水绿地 0.5km"",""金桥公园 1.3km""]}","{""name"":""世茂湖滨花园"",""buildYear"":2004,""developer"":""世茂集团"",""propertyFee"":3.6,""greeningRate"":""60%"",""plotRatio"":""1.2"",""totalBuildings"":32,""totalUnits"":1164,""parkingRatio"":""1:1.5""}","[{""date"":""2026-08-24"",""price"":1999}]"
"smhb-14","高区豪华装修 100 多万，业主诚意出售，拎包可入住","1395","206","3","","2026-09-02","false","true","{""platform"":""房天下（fang.com）公开在售挂牌"",""url"":""https://sh.esf.fang.com/chushou/3_431160731.htm"",""scrapedAt"":""2026-09-05""}","{""metro"":{""line"":""9 号线"",""station"":""蓝天路站"",""distance"":1009},""mall"":[""家乐福（碧云店）0.9km"",""碧云体育休闲中心 0.7km"",""金桥国际商业广场 1.6km""],""school"":[""上海德威英国国际学校 0.8km"",""上海市实验学校东校 1.2km"",""冰厂田幼儿园碧云部 1.0km""],""hospital"":[""瑞东医院 0.9km"",""华山医院东院 1.5km""],""park"":[""张家浜滨水绿地 0.5km"",""金桥公园 1.3km""]}","{""name"":""世茂湖滨花园"",""buildYear"":2004,""developer"":""世茂集团"",""propertyFee"":3.6,""greeningRate"":""60%"",""plotRatio"":""1.2"",""totalBuildings"":32,""totalUnits"":1164,""parkingRatio"":""1:1.5""}","[{""date"":""2026-09-02"",""price"":1437},{""date"":""2026-09-02"",""price"":1395},{""date"":""2026-09-01"",""price"":1395}]"
"smhb-15","业主诚心卖，临河位置精装修，看中可以谈","2048","296","3","","2026-08-14","false","true","{""platform"":""房天下（fang.com）公开在售挂牌"",""url"":""https://sh.esf.fang.com/chushou/3_431160702.htm"",""scrapedAt"":""2026-09-05""}","{""metro"":{""line"":""9 号线"",""station"":""蓝天路站"",""distance"":1009},""mall"":[""家乐福（碧云店）0.9km"",""碧云体育休闲中心 0.7km"",""金桥国际商业广场 1.6km""],""school"":[""上海德威英国国际学校 0.8km"",""上海市实验学校东校 1.2km"",""冰厂田幼儿园碧云部 1.0km""],""hospital"":[""瑞东医院 0.9km"",""华山医院东院 1.5km""],""park"":[""张家浜滨水绿地 0.5km"",""金桥公园 1.3km""]}","{""name"":""世茂湖滨花园"",""buildYear"":2004,""developer"":""世茂集团"",""propertyFee"":3.6,""greeningRate"":""60%"",""plotRatio"":""1.2"",""totalBuildings"":32,""totalUnits"":1164,""parkingRatio"":""1:1.5""}","[{""date"":""2026-08-14"",""price"":2109},{""date"":""2026-08-14"",""price"":2048},{""date"":""2026-09-01"",""price"":2048}]"
"smhb-2","次顶楼，能改三房，我司价低于同行，有钥匙看房随时","1399","165.98","2","","2026-08-20","false","true","{""platform"":""房天下（fang.com）公开在售挂牌"",""url"":""https://m.fang.com/esf/sh/3_432333872.html"",""scrapedAt"":""2026-09-05""}","{""metro"":{""line"":""9 号线"",""station"":""蓝天路站"",""distance"":1009},""mall"":[""家乐福（碧云店）0.9km"",""碧云体育休闲中心 0.7km"",""金桥国际商业广场 1.6km""],""school"":[""上海德威英国国际学校 0.8km"",""上海市实验学校东校 1.2km"",""冰厂田幼儿园碧云部 1.0km""],""hospital"":[""瑞东医院 0.9km"",""华山医院东院 1.5km""],""park"":[""张家浜滨水绿地 0.5km"",""金桥公园 1.3km""]}","{""name"":""世茂湖滨花园"",""buildYear"":2004,""developer"":""世茂集团"",""propertyFee"":3.6,""greeningRate"":""60%"",""plotRatio"":""1.2"",""totalBuildings"":32,""totalUnits"":1164,""parkingRatio"":""1:1.5""}","[{""date"":""2026-08-20"",""price"":1399}]"
"smhb-3","一期新出高区带车位二次装修三房，有钥匙随时看房","1718","207.1","3","","2026-08-26","false","true","{""platform"":""房天下（fang.com）公开在售挂牌"",""url"":""https://m.anjuke.com/sh/sale/S3058547660431370/"",""scrapedAt"":""2026-09-05""}","{""metro"":{""line"":""9 号线"",""station"":""蓝天路站"",""distance"":1009},""mall"":[""家乐福（碧云店）0.9km"",""碧云体育休闲中心 0.7km"",""金桥国际商业广场 1.6km""],""school"":[""上海德威英国国际学校 0.8km"",""上海市实验学校东校 1.2km"",""冰厂田幼儿园碧云部 1.0km""],""hospital"":[""瑞东医院 0.9km"",""华山医院东院 1.5km""],""park"":[""张家浜滨水绿地 0.5km"",""金桥公园 1.3km""]}","{""name"":""世茂湖滨花园"",""buildYear"":2004,""developer"":""世茂集团"",""propertyFee"":3.6,""greeningRate"":""60%"",""plotRatio"":""1.2"",""totalBuildings"":32,""totalUnits"":1164,""parkingRatio"":""1:1.5""}","[{""date"":""2026-08-26"",""price"":1718}]"
"smhb-4","一期正看湖景，视野开阔，双产权车位，税费各付价","976","135","2","","2026-07-28","false","true","{""platform"":""房天下（fang.com）公开在售挂牌"",""url"":""https://shanghai.anjuke.com/prop/view/7287856145"",""scrapedAt"":""2026-09-05""}","{""metro"":{""line"":""9 号线"",""station"":""蓝天路站"",""distance"":1009},""mall"":[""家乐福（碧云店）0.9km"",""碧云体育休闲中心 0.7km"",""金桥国际商业广场 1.6km""],""school"":[""上海德威英国国际学校 0.8km"",""上海市实验学校东校 1.2km"",""冰厂田幼儿园碧云部 1.0km""],""hospital"":[""瑞东医院 0.9km"",""华山医院东院 1.5km""],""park"":[""张家浜滨水绿地 0.5km"",""金桥公园 1.3km""]}","{""name"":""世茂湖滨花园"",""buildYear"":2004,""developer"":""世茂集团"",""propertyFee"":3.6,""greeningRate"":""60%"",""plotRatio"":""1.2"",""totalBuildings"":32,""totalUnits"":1164,""parkingRatio"":""1:1.5""}","[{""date"":""2026-07-28"",""price"":1005},{""date"":""2026-07-28"",""price"":976},{""date"":""2026-09-01"",""price"":976}]"
"smhb-5","世茂湖滨二期新上高区景观二次装修带车位三房，拎包入住","1800","211","3","","2026-08-18","false","true","{""platform"":""房天下（fang.com）公开在售挂牌"",""url"":""https://shanghai.anjuke.com/prop/view/7526576259"",""scrapedAt"":""2026-09-05""}","{""metro"":{""line"":""9 号线"",""station"":""蓝天路站"",""distance"":1009},""mall"":[""家乐福（碧云店）0.9km"",""碧云体育休闲中心 0.7km"",""金桥国际商业广场 1.6km""],""school"":[""上海德威英国国际学校 0.8km"",""上海市实验学校东校 1.2km"",""冰厂田幼儿园碧云部 1.0km""],""hospital"":[""瑞东医院 0.9km"",""华山医院东院 1.5km""],""park"":[""张家浜滨水绿地 0.5km"",""金桥公园 1.3km""]}","{""name"":""世茂湖滨花园"",""buildYear"":2004,""developer"":""世茂集团"",""propertyFee"":3.6,""greeningRate"":""60%"",""plotRatio"":""1.2"",""totalBuildings"":32,""totalUnits"":1164,""parkingRatio"":""1:1.5""}","[{""date"":""2026-08-18"",""price"":1800}]"
"smhb-6","世茂湖滨高区景观双南户型小两房，移民出售看房方便","1120","134","2","","2026-08-22","false","true","{""platform"":""房天下（fang.com）公开在售挂牌"",""url"":""https://www.anjuke.com/shanghai/cm38/p1/"",""scrapedAt"":""2026-09-05""}","{""metro"":{""line"":""9 号线"",""station"":""蓝天路站"",""distance"":1009},""mall"":[""家乐福（碧云店）0.9km"",""碧云体育休闲中心 0.7km"",""金桥国际商业广场 1.6km""],""school"":[""上海德威英国国际学校 0.8km"",""上海市实验学校东校 1.2km"",""冰厂田幼儿园碧云部 1.0km""],""hospital"":[""瑞东医院 0.9km"",""华山医院东院 1.5km""],""park"":[""张家浜滨水绿地 0.5km"",""金桥公园 1.3km""]}","{""name"":""世茂湖滨花园"",""buildYear"":2004,""developer"":""世茂集团"",""propertyFee"":3.6,""greeningRate"":""60%"",""plotRatio"":""1.2"",""totalBuildings"":32,""totalUnits"":1164,""parkingRatio"":""1:1.5""}","[{""date"":""2026-08-22"",""price"":1120}]"
"smhb-7","次顶楼，能改三房，有钥匙看房随时，满五","1380","166","2","","2026-09-01","false","true","{""platform"":""房天下（fang.com）公开在售挂牌"",""url"":""https://sh.esf.fang.com/chushou/3_511484347.htm"",""scrapedAt"":""2026-09-05""}","{""metro"":{""line"":""9 号线"",""station"":""蓝天路站"",""distance"":1009},""mall"":[""家乐福（碧云店）0.9km"",""碧云体育休闲中心 0.7km"",""金桥国际商业广场 1.6km""],""school"":[""上海德威英国国际学校 0.8km"",""上海市实验学校东校 1.2km"",""冰厂田幼儿园碧云部 1.0km""],""hospital"":[""瑞东医院 0.9km"",""华山医院东院 1.5km""],""park"":[""张家浜滨水绿地 0.5km"",""金桥公园 1.3km""]}","{""name"":""世茂湖滨花园"",""buildYear"":2004,""developer"":""世茂集团"",""propertyFee"":3.6,""greeningRate"":""60%"",""plotRatio"":""1.2"",""totalBuildings"":32,""totalUnits"":1164,""parkingRatio"":""1:1.5""}","[{""date"":""2026-09-01"",""price"":1380}]"
"smhb-8","业主诚心卖，临河位置顶层大平层，精装修","2950","296","3","","2026-08-12","false","true","{""platform"":""房天下（fang.com）公开在售挂牌"",""url"":""https://sh.esf.fang.com/chushou/3_432333865.htm"",""scrapedAt"":""2026-09-05""}","{""metro"":{""line"":""9 号线"",""station"":""蓝天路站"",""distance"":1009},""mall"":[""家乐福（碧云店）0.9km"",""碧云体育休闲中心 0.7km"",""金桥国际商业广场 1.6km""],""school"":[""上海德威英国国际学校 0.8km"",""上海市实验学校东校 1.2km"",""冰厂田幼儿园碧云部 1.0km""],""hospital"":[""瑞东医院 0.9km"",""华山医院东院 1.5km""],""park"":[""张家浜滨水绿地 0.5km"",""金桥公园 1.3km""]}","{""name"":""世茂湖滨花园"",""buildYear"":2004,""developer"":""世茂集团"",""propertyFee"":3.6,""greeningRate"":""60%"",""plotRatio"":""1.2"",""totalBuildings"":32,""totalUnits"":1164,""parkingRatio"":""1:1.5""}","[{""date"":""2026-08-12"",""price"":2950}]"
"smhb-9","品质高区两房，附赠固定车位，俯看别墅区，送40万精装","1124","141","2","","2026-08-16","false","true","{""platform"":""房天下（fang.com）公开在售挂牌"",""url"":""https://sh.esf.fang.com/chushou/3_431570834.htm"",""scrapedAt"":""2026-09-05""}","{""metro"":{""line"":""9 号线"",""station"":""蓝天路站"",""distance"":1009},""mall"":[""家乐福（碧云店）0.9km"",""碧云体育休闲中心 0.7km"",""金桥国际商业广场 1.6km""],""school"":[""上海德威英国国际学校 0.8km"",""上海市实验学校东校 1.2km"",""冰厂田幼儿园碧云部 1.0km""],""hospital"":[""瑞东医院 0.9km"",""华山医院东院 1.5km""],""park"":[""张家浜滨水绿地 0.5km"",""金桥公园 1.3km""]}","{""name"":""世茂湖滨花园"",""buildYear"":2004,""developer"":""世茂集团"",""propertyFee"":3.6,""greeningRate"":""60%"",""plotRatio"":""1.2"",""totalBuildings"":32,""totalUnits"":1164,""parkingRatio"":""1:1.5""}","[{""date"":""2026-08-16"",""price"":1124}]"
"tcyp-a-1503","","1450","117","3","","2026-08-18","true","false","{""platform"":""内置演示数据"",""url"":"""",""scrapedAt"":""2026-08""}","{""metro"":{""line"":""2 号线"",""station"":""陆家嘴站"",""distance"":800},""mall"":[""正大广场 1.2km"",""国金中心 1.5km""],""school"":[""明珠小学 0.8km"",""东昌中学 1.2km""],""hospital"":[""仁济医院东院 1.5km""],""park"":[""陆家嘴中心绿地 0.6km""]}","{""name"":""汤臣一品"",""buildYear"":2006,""developer"":""汤臣集团"",""propertyFee"":8,""greeningRate"":""40%"",""plotRatio"":""3.2"",""totalBuildings"":4,""totalUnits"":228,""parkingRatio"":""1:2""}","[{""date"":""2026-08-18"",""price"":1520}]"
"tcyp-a-1801","","1680","131","3","","2026-08-20","true","false","{""platform"":""内置演示数据"",""url"":"""",""scrapedAt"":""2026-08""}","{""metro"":{""line"":""2 号线"",""station"":""陆家嘴站"",""distance"":800},""mall"":[""正大广场 1.2km"",""国金中心 1.5km"",""环球金融中心 1.8km""],""school"":[""明珠小学 0.8km"",""东昌中学 1.2km""],""hospital"":[""仁济医院东院 1.5km"",""东方医院 2.0km""],""park"":[""陆家嘴中心绿地 0.6km""]}","{""name"":""汤臣一品"",""buildYear"":2006,""developer"":""汤臣集团"",""propertyFee"":8,""greeningRate"":""40%"",""plotRatio"":""3.2"",""totalBuildings"":4,""totalUnits"":228,""parkingRatio"":""1:2""}","[{""date"":""2026-08-20"",""price"":1750},{""date"":""2026-09-01"",""price"":1680}]"
"tcyp-a-2305","","2200","163","4","","2026-08-15","true","false","{""platform"":""内置演示数据"",""url"":"""",""scrapedAt"":""2026-08""}","{""metro"":{""line"":""2 号线"",""station"":""陆家嘴站"",""distance"":800},""mall"":[""正大广场 1.2km"",""国金中心 1.5km""],""school"":[""明珠小学 0.8km"",""东昌中学 1.2km""],""hospital"":[""仁济医院东院 1.5km""],""park"":[""陆家嘴中心绿地 0.6km""]}","{""name"":""汤臣一品"",""buildYear"":2006,""developer"":""汤臣集团"",""propertyFee"":8,""greeningRate"":""40%"",""plotRatio"":""3.2"",""totalBuildings"":4,""totalUnits"":228,""parkingRatio"":""1:2""}","[{""date"":""2026-08-15"",""price"":2350},{""date"":""2026-08-28"",""price"":2200}]"
"tcyp-b-0802","","980","89","2","","2026-08-25","true","false","{""platform"":""内置演示数据"",""url"":"""",""scrapedAt"":""2026-08""}","{""metro"":{""line"":""2 号线"",""station"":""陆家嘴站"",""distance"":800},""mall"":[""正大广场 1.2km"",""国金中心 1.5km""],""school"":[""明珠小学 0.8km""],""hospital"":[""仁济医院东院 1.5km""],""park"":[""陆家嘴中心绿地 0.6km""]}","{""name"":""汤臣一品"",""buildYear"":2006,""developer"":""汤臣集团"",""propertyFee"":8,""greeningRate"":""40%"",""plotRatio"":""3.2"",""totalBuildings"":4,""totalUnits"":228,""parkingRatio"":""1:2""}","[{""date"":""2026-08-25"",""price"":1050},{""date"":""2026-09-02"",""price"":980}]"
"tcyp-b-2801","","1390","117","3","","2026-08-22","true","false","{""platform"":""内置演示数据"",""url"":"""",""scrapedAt"":""2026-08""}","{""metro"":{""line"":""2 号线"",""station"":""陆家嘴站"",""distance"":800},""mall"":[""正大广场 1.2km"",""国金中心 1.5km""],""school"":[""明珠小学 0.8km""],""hospital"":[""仁济医院东院 1.5km""],""park"":[""陆家嘴中心绿地 0.6km""]}","{""name"":""汤臣一品"",""buildYear"":2006,""developer"":""汤臣集团"",""propertyFee"":8,""greeningRate"":""40%"",""plotRatio"":""3.2"",""totalBuildings"":4,""totalUnits"":228,""parkingRatio"":""1:2""}","[{""date"":""2026-08-22"",""price"":1480},{""date"":""2026-09-01"",""price"":1430},{""date"":""2026-09-04"",""price"":1390}]"